YEAR,educ_group,lf_wt,unemp_wt,n,unemp_rate
1980,Less than HS,211060768.59999996,17245291.73,159983,8.170770837418434
1980,HS diploma,386628497.68,20971116.31,299788,5.424099991552386
1980,Some college,169612052.06000006,7441184.850000001,132984,4.387179306908974
1980,Bachelor's+,212694738.97999987,4779127.8100000005,163884,2.2469421824530373
1981,Less than HS,205459364.05000004,18194969.269999996,144670,8.85575079730711
1981,HS diploma,399357320.2999995,23084832.36,287523,5.780495607957942
1981,Some college,177242472.35000002,8110596.350000001,128461,4.57598917599391
1981,Bachelor's+,222515483.62000015,5463303.69,159180,2.4552465298684263
1982,Less than HS,198441985.33000025,24145928.759999998,133331,12.167752061060257
1982,HS diploma,409248441.3900002,33054032.79,280883,8.076764489983873
1982,Some college,185318143.89000005,11171001.19,127283,6.028012668112416
1982,Bachelor's+,235634399.32000002,7432874.64,159668,3.1544098236293108
1983,Less than HS,191215447.8099999,24277211.259999998,126546,12.696260442369125
1983,HS diploma,416782951.73999995,34272955.56,281176,8.223214365394764
1983,Some college,193354015.49999988,12248711.410000002,130221,6.33486270162308
1983,Bachelor's+,248310869.24000016,8016877.759999999,164900,3.228564977657679
1984,Less than HS,185594413.19999993,19340705.86,118911,10.420952617338811
1984,HS diploma,429087308.64000005,26732057.740000002,281383,6.22998098562452
1984,Some college,202624143.3300001,9654438.67,132607,4.764703016795227
1984,Bachelor's+,258998539.29000008,6792816.299999999,168292,2.622723787794841
1985,Less than HS,182128860.97000015,18400128.029999997,113665,10.102807392525683
1985,HS diploma,439679795.5899999,26644709.470000003,286259,6.060025895491935
1985,Some college,211763885.2600001,9447271.560000002,136529,4.4612288579805774
1985,Bachelor's+,269096335.2200002,6426709.659999999,174604,2.3882561071468444
1986,Less than HS,179923414.95999998,18180189.400000002,108244,10.104404367848268
1986,HS diploma,452268794.7299999,26667968.479999997,285517,5.896486512168171
1986,Some college,222942586.88999993,10078923.440000001,139484,4.520860541092111
1986,Bachelor's+,279073383.63,6491311.390000001,176266,2.326023107458462
1987,Less than HS,177071744.8899999,15636536.27,104649,8.830621892676154
1987,HS diploma,462326696.2000004,23984492.63,286976,5.187780162196046
1987,Some college,232380878.84000006,9330090.01,143264,4.014999020820468
1987,Bachelor's+,291353176.85999995,6544402.290000001,180607,2.2462093465157906
1988,Less than HS,177400979.73000005,14293355.02,98361,8.057089110643096
1988,HS diploma,469872849.6899998,21745912.46,277515,4.628041921202073
1988,Some college,237475740.53999993,8374641.5200000005,137860,3.5265250677634556
1988,Bachelor's+,304921099.7499998,6016769.7700000005,175872,1.9732218514668411
1989,Less than HS,174842882.69999996,13316470.660000002,97147,7.6162497748614415
1989,HS diploma,479812305.0100001,21077933.990000006,283617,4.392954030130741
1989,Some college,248012283.08999994,8085588.37,143594,3.2601564201825686
1989,Bachelor's+,318539590.79000026,6801716.979999998,184487,2.135281508691359
1990,Less than HS,172481776.37000003,14199936.58,99215,8.232717031820767
1990,HS diploma,486027332.6400008,23449220.999999996,295498,4.824671253081311
1990,Some college,255534600.85000008,9518473.139999999,153109,3.724925355837577
1990,Bachelor's+,326063534.8899996,7249345.299999998,196994,2.2232922496057794
1991,Less than HS,168500981.38,17845770.660000004,94568,10.590900132358625
1991,HS diploma,488787656.90999985,28629709.749999996,290822,5.8572898364476425
1991,Some college,264019533.31999987,12646248.320000006,155094,4.789891172435473
1991,Bachelor's+,333152274.45999956,9357988.48,197724,2.808922284912565
1992,Less than HS,160591669.7700001,18476872.71,86853,11.50549884465529
1992,HS diploma,454978404.17999977,30918191.22,265227,6.795529400065341
1992,Some college,324631038.0499999,18226219.030000005,185690,5.6144412867856435
1992,Bachelor's+,337828797.27999985,10821810.519999994,195104,3.2033416355061766
1993,Less than HS,150644658.96000004,16265462.770000005,79280,10.797238270703573
1993,HS diploma,454184363.4999998,28442780.509999998,256644,6.262386553957182
1993,Some college,340398137.67,17656299.02,189915,5.186955234495716
1993,Bachelor's+,347492399.4699998,10124580.44,195401,2.91361205466426
1994,Less than HS,147551246.8031,14499308.408199998,74128,9.82662547579054
1994,HS diploma,446388139.0478999,24059149.335799992,241373,5.389737591844552
1994,Some college,360006331.2792001,15966629.608500002,192413,4.435096891703609
1994,Bachelor's+,360412101.7724,9207602.875200002,195072,2.554742981692273
1995,Less than HS,145254433.51380008,13150785.444100004,71540,9.05362068886565
1995,HS diploma,442327804.6441999,21236537.554300003,233992,4.801085830763515
1995,Some college,369724810.57330036,14754046.159400001,191897,3.990548033961306
1995,Bachelor's+,374346518.3114001,9244931.5646,200269,2.4696186854633986
1996,Less than HS,149358530.5828001,13071134.930799996,64835,8.751515484114739
1996,HS diploma,445938897.6603998,20969905.335,206926,4.7024167313095475
1996,Some college,372855133.5473998,14028082.338699996,172309,3.7623412088321575
1996,Bachelor's+,386359610.96469986,8785730.2744,178894,2.273977409922052
1997,Less than HS,151317729.78650007,12398582.768899998,64382,8.19374093597203
1997,HS diploma,454311074.8242006,19557656.4317,208882,4.304904175903701
1997,Some college,375942224.77440006,12293215.4454,173047,3.269974649103878
1997,Bachelor's+,397900248.24190015,8064442.0901,182855,2.0267497006428834
1998,Less than HS,151667386.01169994,10717538.938299999,63952,7.066475674258159
1998,HS diploma,451373123.7097002,18058147.7122,207071,4.000713991073616
1998,Some college,378313824.0832999,11316130.709500004,173917,2.9912020098446988
1998,Bachelor's+,413384540.7903998,7427598.803699999,188687,1.7967771096370166
1999,Less than HS,145880437.20510003,9914064.8925,61733,6.79602082530186
1999,HS diploma,448823960.8372998,15837972.028499998,205254,3.52877150296379
1999,Some college,386001481.9393999,10974195.526400005,176913,2.8430449207764683
1999,Bachelor's+,427333044.10989964,7764570.440999999,194015,1.8169833922328602
2000,Less than HS,150229957.7100001,9580894.459400002,61654,6.377485959155167
2000,HS diploma,453738369.92529964,15706679.384999998,202044,3.4616158619307065
2000,Some college,398860565.81999993,10772102.195599997,178361,2.7007187771130257
2000,Bachelor's+,440212961.48170006,7395450.760999998,194038,1.679971152168683
2001,Less than HS,150432462.32709995,11062001.496800002,66575,7.353467014816799
2001,HS diploma,451071439.67980045,19047457.4367,221443,4.222714133756975
2001,Some college,404011103.1855999,13525437.174500002,199329,3.3477884810226386
2001,Bachelor's+,448001703.27040035,10219646.859199999,217120,2.2811625010790926
2002,Less than HS,151594456.07030007,12891606.0014,68467,8.50400887709355
2002,HS diploma,454012983.55290014,23999804.053299997,234393,5.286149278262571
2002,Some college,404064567.2841,18421212.5063,209471,4.558977450093501
2002,Bachelor's+,463065516.6595995,13557336.493400006,235809,2.9277361422198136
2003,Less than HS,151951203.0291,13438747.688000001,66479,8.844120625636878
2003,HS diploma,455358980.04950035,25058084.430899993,230053,5.5029296727992545
2003,Some college,408748474.19430053,19726144.759699997,206153,4.825986151650582
2003,Bachelor's+,477960689.9639995,14754223.750400001,236836,3.08691155155695
2004,Less than HS,149914052.67209995,12846307.976100003,64488,8.569115267798235
2004,HS diploma,454784635.65929985,22881982.218399998,223258,5.031388579173977
2004,Some college,413836791.42020005,17676931.561,203982,4.271474148138575
2004,Bachelor's+,485315849.5721999,13220951.905299999,234936,2.724195370283932
2005,Less than HS,152718737.40080002,11761052.2401,64575,7.701119351997988
2005,HS diploma,459437465.75080025,21874274.7389,220203,4.761099468271194
2005,Some college,420371230.0304998,16418169.334900001,204350,3.9056358194895475
2005,Bachelor's+,494696583.2274997,11620595.645200001,236158,2.3490349517647573
2006,Less than HS,153441815.51230007,10561215.645299997,64586,6.882879748286996
2006,HS diploma,461156752.87199956,20132892.035200007,216541,4.365737227052636
2006,Some college,425505781.5407,15432489.429700002,202722,3.626857753570587
2006,Bachelor's+,510675581.5915,10510249.377000002,239103,2.0581068991482288
2007,Less than HS,149329663.84039998,10785467.7812,60592,7.222588937672326
2007,HS diploma,463442265.8938996,20405353.989100005,212553,4.4029980627126495
2007,Some college,431516848.4154995,15473901.583799995,201662,3.5859321925943584
2007,Bachelor's+,529925162.90679896,10809076.9988,242929,2.039736505341426
2008,Less than HS,146439142.6556,13294927.669899998,58512,9.078807365847128
2008,HS diploma,460232016.22529966,26362571.802300002,208963,5.728104710862749
2008,Some college,441411355.70430005,20395174.1136,203500,4.620446177932645
2008,Bachelor's+,542179050.883599,14060523.2107,246216,2.5933357601672933
2009,Less than HS,145807222.52899998,21467941.654,58494,14.723510455547004
2009,HS diploma,458332872.2073995,44634368.3939,209318,9.738417447331287
2009,Some college,441794811.0955998,35338503.883799985,204686,7.998849917717369
2009,Bachelor's+,547333480.0004004,25409229.040799998,251377,4.6423670338568375
2010,Less than HS,142703477.7489,21343470.1088,57662,14.956517139936713
2010,HS diploma,459442068.0379004,47629089.52199999,208035,10.366723649274313
2010,Some college,442575439.0534004,37352694.9075,203226,8.439848127901442
2010,Bachelor's+,552687981.2778999,26124398.83219999,252512,4.726789747046127
2011,Less than HS,139413767.79620004,19733147.993800003,55604,14.154375357422817
2011,HS diploma,449347522.25850016,42676703.8368,200582,9.497482844080087
2011,Some college,443169361.2382997,35490327.1739,198957,8.00829892092117
2011,Bachelor's+,563314535.6072999,24459355.570200004,254194,4.342042326997791
2012,Less than HS,136366780.51790002,17065771.7349,53027,12.514610721237847
2012,HS diploma,442332635.5636004,37030371.501399994,193655,8.371611887560038
2012,Some college,449579397.80729955,32274223.690199994,198842,7.178759491117405
2012,Bachelor's+,579854699.2935007,23536288.673699997,258494,4.05899765965108
2013,Less than HS,132274419.7141,14593490.424200002,50209,11.03273819363003
2013,HS diploma,437283695.17060006,33161086.588600002,189200,7.583426264192786
2013,Some college,448768340.7591,28701984.519199993,195793,6.3957240099981325
2013,Bachelor's+,593884466.2621992,21991402.235100005,260856,3.702976502064432
2014,Less than HS,130270597.97909999,11880021.3202,49467,9.119495499748895
2014,HS diploma,433720822.40289956,26372236.8944,186854,6.080463637482878
2014,Some college,449102703.3555998,24576328.2221,195042,5.472318032928973
2014,Bachelor's+,606812614.6460004,19390724.377000008,262374,3.195504494960455
2015,Less than HS,131813980.60619995,10597843.9349,49315,8.039999919706183
2015,HS diploma,425197765.42189986,23404935.057299994,178495,5.504482139993514
2015,Some college,451356723.9864995,20641433.7151,189937,4.573197344395251
2015,Bachelor's+,627368140.8187997,16308209.022899998,259540,2.5994640087422347
2016,Less than HS,128546447.76250005,9630273.757900001,47600,7.491668517898457
2016,HS diploma,429404535.5106999,22490939.233599998,177320,5.23770416324342
2016,Some college,456791568.58589935,18830304.430899996,188873,4.122296847376895
2016,Bachelor's+,646561415.1235998,16349661.658600003,262997,2.5287097677294157
2017,Less than HS,124429097.74459995,8149438.2618,44931,6.549463437022853
2017,HS diploma,432057735.4368999,20179561.957799993,173860,4.670570690603253
2017,Some college,454193711.77370054,17131503.525599997,183875,3.7718495614346317
2017,Bachelor's+,665353841.1552999,15438635.9332,264588,2.3203647410215336
2018,Less than HS,123930773.4567,6988595.6273,42576,5.6391124112057085
2018,HS diploma,434222775.4339996,17771131.769599993,166520,4.0926300449896935
2018,Some college,453459444.3091999,15190799.191199996,176201,3.3499796689297443
2018,Bachelor's+,689757457.7413005,14921646.052099999,261709,2.163317827829343
2019,Less than HS,120107136.40109998,6489860.362299998,39535,5.403392801429376
2019,HS diploma,436060351.26000005,16136870.5891,161162,3.7006048686775523
2019,Some college,451406686.89730024,13848225.0398,168855,3.0677935089939457
2019,Bachelor's+,709874040.4145002,15020824.890999999,256943,2.1159845318796613
2020,Less than HS,107450480.76129998,12498144.165000001,31092,11.631538618021157
2020,HS diploma,418568879.1604999,37698981.3614,138511,9.00663743492128
2020,Some college,438968042.1225002,34093175.846899994,146912,7.766664671544772
2020,Bachelor's+,728935916.8753004,35057353.2221,235440,4.809387548411513
2021,Less than HS,108341679.23780005,9045434.5731,31814,8.348988714902694
2021,HS diploma,421128503.24930006,26574150.908700004,138810,6.310223768674383
2021,Some college,429599916.9167001,22383122.0494,143500,5.21022494837682
2021,Bachelor's+,731595084.4535005,22653312.221,236376,3.0964276144531455
2022,Less than HS,108270861.02119999,5929651.6722,30282,5.476682845478567
2022,HS diploma,433044208.6489997,17325997.742799997,133785,4.000976666297698
2022,Some college,429425765.32879984,13622220.642600002,134492,3.1721945310314186
2022,Bachelor's+,753976804.2084998,15236966.7719,229893,2.0208800439020496
2023,Less than HS,110667774.0225,6187809.8371,30299,5.591338482910074
2023,HS diploma,433085287.32319963,17137082.2582,130826,3.956976318479983
2023,Some college,431252781.08909965,13300056.234,131106,3.0840511220383573
2023,Bachelor's+,771707420.8128992,16176356.548899999,227595,2.0961773999607503
2024,Less than HS,110222157.22769998,6873571.083300001,30090,6.236106474581502
2024,HS diploma,436965673.19389975,18677499.731399998,130409,4.2743631541766485
2024,Some college,431984836.7019004,14780804.9084,129528,3.4216027167175276
2024,Bachelor's+,783586860.1744996,18371791.822200004,229215,2.344576301101926
2025,Less than HS,99615443.12099999,6052062.140699999,25023,6.075425607803335
2025,HS diploma,404193944.6747,17304968.078599997,113262,4.281352629497514
2025,Some college,401317349.43289983,13843402.5135,113501,3.4494901685815633
2025,Bachelor's+,740020010.8883996,19694498.309799995,203530,2.661346723064502
