YEAR,SEX,educ_group,lf_wt,unemp_wt,n,unemp_rate
1980,Female,Less than HS,78207701.40999997,7112684.400000003,59487,9.094608678897377
1980,Female,HS diploma,183509476.49000028,10104050.589999998,142478,5.50601025258256
1980,Female,Some college,70297325.18999998,3297552.29,56172,4.690864525908146
1980,Female,Bachelor's+,74073687.97999997,2364665.8899999997,58474,3.192315590710785
1980,Male,Less than HS,132853067.19000003,10132607.33,100496,7.626927660999226
1980,Male,HS diploma,203119021.18999982,10867065.719999999,157310,5.350097522296951
1980,Male,Some college,99314726.8700001,4143632.5600000005,76812,4.172223687856371
1980,Male,Bachelor's+,138621050.99999994,2414461.92,105410,1.741771471636008
1981,Female,Less than HS,77238107.34000002,7464359.970000002,54774,9.664089692335539
1981,Female,HS diploma,190159363.60999987,11240498.670000002,137460,5.911093966980914
1981,Female,Some college,75382423.83000001,3571461.4500000007,55371,4.7377906792361095
1981,Female,Bachelor's+,78909884.22,2669631.78,57793,3.383139902419692
1981,Male,Less than HS,128221256.70999993,10730609.299999997,89896,8.368822436571174
1981,Male,HS diploma,209197956.68999955,11844333.69,150063,5.661782685359375
1981,Male,Some college,101860048.52000003,4539134.9,73090,4.456246551962666
1981,Male,Bachelor's+,143605599.40000018,2793671.91,101387,1.945378120123634
1982,Female,Less than HS,74484243.48000006,9301429.069999997,50367,12.487780818365355
1982,Female,HS diploma,195567996.0700002,14658949.160000004,135236,7.495576707117807
1982,Female,Some college,80443396.55999996,4560711.9,56127,5.6694670973997505
1982,Female,Bachelor's+,85310778.20000002,3233949.92,59076,3.790787035629221
1982,Male,Less than HS,123957741.85000013,14844499.689999996,82964,11.975451850327476
1982,Male,HS diploma,213680445.3200001,18395083.630000003,145647,8.608688362873911
1982,Male,Some college,104874747.33000006,6610289.29,71156,6.303032387005415
1982,Male,Bachelor's+,150323621.12000003,4198924.72,100592,2.793256767443149
1983,Female,Less than HS,72513876.08999997,9493454.529999997,48157,13.091914323014919
1983,Female,HS diploma,199117678.5,14718650.520000003,135074,7.391935578437353
1983,Female,Some college,84707474.25999993,5053252.38,58249,5.965533058499204
1983,Female,Bachelor's+,91225392.1,3306042.3900000006,61614,3.624037467962827
1983,Male,Less than HS,118701571.71999997,14783756.729999995,78389,12.454558533456291
1983,Male,HS diploma,217665273.24,19554305.039999995,146102,8.98365860062538
1983,Male,Some college,108646541.23999995,7195459.029999999,71972,6.62281463162757
1983,Male,Bachelor's+,157085477.14000016,4710835.37,103286,2.9988993608884265
1984,Female,Less than HS,70627652.83999996,7844274.13,45539,11.1065196344135
1984,Female,HS diploma,204793054.89000008,12553169.349999998,135596,6.1296850895371655
1984,Female,Some college,89564977.91000001,4468737.290000001,59991,4.989380217891019
1984,Female,Bachelor's+,97743270.04000005,2958009.07,64442,3.02630459241795
1984,Male,Less than HS,114966760.35999992,11496431.73,73372,9.999787498578522
1984,Male,HS diploma,224294253.7499999,14178888.39,145787,6.321556684106539
1984,Male,Some college,113059165.4200001,5185701.380000001,72616,4.586714717675293
1984,Male,Bachelor's+,161255269.25,3834807.229999999,103850,2.378097316035457
1985,Female,Less than HS,68648260.64000002,7563158.48,43688,11.01726163123366
1985,Female,HS diploma,210897065.5699998,12955898.329999998,138602,6.143233095720692
1985,Female,Some college,95531688.84000011,4464347.469999999,62667,4.673158743667819
1985,Female,Bachelor's+,103522752.0300001,2885353.9399999995,68249,2.7871688913021226
1985,Male,Less than HS,113480600.33000009,10836969.550000003,69977,9.549623035555186
1985,Male,HS diploma,228782730.02000022,13688811.140000004,147657,5.98332362709516
1985,Male,Some college,116232196.41999999,4982924.090000002,73862,4.287042870629771
1985,Male,Bachelor's+,165573583.19000015,3541355.72,106355,2.1388410226866923
1986,Female,Less than HS,67960684.88000001,7120200.610000001,41797,10.476940634974955
1986,Female,HS diploma,217937644.37000003,12859626.52,139249,5.9005990255486935
1986,Female,Some college,101864939.75000004,4697677.12,65081,4.611672211782757
1986,Female,Bachelor's+,108333407.28999998,2724705.82,70070,2.515111347606909
1986,Male,Less than HS,111962730.08,11059988.790000001,66447,9.878277157137362
1986,Male,HS diploma,234331150.35999984,13808341.959999997,146268,5.892661704936123
1986,Male,Some college,121077647.13999987,5381246.32,74403,4.444458946066042
1986,Male,Bachelor's+,170739976.34000003,3766605.5699999994,106196,2.206047845818741
1987,Female,Less than HS,67159768.08999999,6405872.13,40862,9.538258264107714
1987,Female,HS diploma,222673917.05000025,11350941.920000002,140179,5.097562422387894
1987,Female,Some college,107026599.61000006,4101644.9000000004,67792,3.8323602870185574
1987,Female,Bachelor's+,115125637.14999996,2681672.3299999996,72933,2.3293441811800655
1987,Male,Less than HS,109911976.79999994,9230664.139999999,63787,8.398233212379093
1987,Male,HS diploma,239652779.15000024,12633550.71,146797,5.271606177407431
1987,Male,Some college,125354279.22999996,5228445.109999999,75472,4.170934683774816
1987,Male,Bachelor's+,176227539.71,3862729.960000001,107674,2.191899158529086
1988,Female,Less than HS,67591660.51000005,5912865.15,38488,8.747921127230192
1988,Female,HS diploma,225786080.8200001,10181367.909999998,135208,4.509298302633956
1988,Female,Some college,112170620.97999999,4085365.34,66405,3.6420992451565546
1988,Female,Bachelor's+,122084466.28999996,2702082.82,71752,2.2132896199762717
1988,Male,Less than HS,109809319.21999998,8380489.869999999,59873,7.631856685323688
1988,Male,HS diploma,244086768.86999965,11564544.550000003,142307,4.7378825995108595
1988,Male,Some college,125305119.56000002,4289276.180000001,71455,3.423065390353952
1988,Male,Bachelor's+,182836633.4599999,3314686.95,104120,1.8129227645865462
1989,Female,Less than HS,67391951.22,5605125.079999999,38300,8.317202542039707
1989,Female,HS diploma,231965301.89000052,10151272.180000002,138908,4.376202861932256
1989,Female,Some college,117090235.5199999,4055039.170000001,69027,3.463174492724775
1989,Female,Bachelor's+,129767963.30999996,3087110.229999999,76922,2.3789463525949515
1989,Male,Less than HS,107450931.47999999,7711345.58,58847,7.176620503690398
1989,Male,HS diploma,247847003.1199996,10926661.810000002,144709,4.408631806094368
1989,Male,Some college,130922047.56999995,4030549.1999999997,74567,3.0785870484075573
1989,Male,Bachelor's+,188771627.4800002,3714606.75,107565,1.9677781028791266
1990,Female,Less than HS,65681402.70999999,5757729.68,38839,8.766149080923
1990,Female,HS diploma,233161817.8200007,10749292.950000001,144339,4.6102286602939335
1990,Female,Some college,121623316.88000017,4511441.9399999995,74431,3.7093561133933064
1990,Female,Bachelor's+,134880712.62999997,3155538.3,83157,2.339502986358147
1990,Male,Less than HS,106800373.66000006,8442206.9,60376,7.904660452664558
1990,Male,HS diploma,252865514.8200001,12699928.050000004,151159,5.022404126177634
1990,Male,Some college,133911283.96999994,5007031.199999999,78678,3.7390659334740763
1990,Male,Bachelor's+,191182822.25999966,4093806.9999999995,113837,2.141304826242503
1991,Female,Less than HS,63732304.06000002,6683107.299999999,36937,10.486216367932135
1991,Female,HS diploma,235264790.55000004,12497893.74,142293,5.312266961317301
1991,Female,Some college,125569607.56999996,5876643.7700000005,75696,4.679988958891991
1991,Female,Bachelor's+,139302262.83999982,3969422.98,84687,2.8495035895857708
1991,Male,Less than HS,104768677.32,11162663.360000001,57631,10.654580782675477
1991,Male,HS diploma,253522866.3599999,16131816.01,148529,6.363061542185699
1991,Male,Some college,138449925.74999997,6769604.550000003,79398,4.889568927775321
1991,Male,Bachelor's+,193850011.61999977,5388565.500000001,113037,2.779760215110586
1992,Female,Less than HS,61663101.78999996,7107896.830000001,34551,11.526985545110389
1992,Female,HS diploma,216187511.5400002,13420506.389999997,128358,6.20780834859504
1992,Female,Some college,156327349.20999995,8309145.300000003,91690,5.315221771488007
1992,Female,Bachelor's+,142563163.22999987,4392860.98,84181,3.0813436518049997
1992,Male,Less than HS,98928567.9800001,11368975.879999999,52302,11.492105983277154
1992,Male,HS diploma,238790892.6399996,17497684.830000006,136869,7.327618166903652
1992,Male,Some college,168303688.8399999,9917073.730000002,94000,5.8923686095958345
1992,Male,Bachelor's+,195265634.04999992,6428949.539999998,110923,3.2924121908485926
1993,Female,Less than HS,56980895.169999994,6192455.290000002,31151,10.867599169028644
1993,Female,HS diploma,214946177.53999978,12442357.1,124018,5.78859193608343
1993,Female,Some college,164479461.05000007,8433858.86,94181,5.127606089027853
1993,Female,Bachelor's+,148474915.98999992,4438642.5200000005,85184,2.9894898342956138
1993,Male,Less than HS,93663763.79000004,10073007.48,48129,10.754433809198941
1993,Male,HS diploma,239238185.96000004,16000423.409999996,132626,6.688072535659178
1993,Male,Some college,175918676.6199999,9222440.159999996,95734,5.242445166820629
1993,Male,Bachelor's+,199017483.47999987,5685937.919999998,110217,2.8570042292648137
1994,Female,Less than HS,56620968.81440002,5976818.219500001,29517,10.555838843188353
1994,Female,HS diploma,212055664.7933,11037353.090100002,117404,5.204931969564971
1994,Female,Some college,177210206.4171,8085856.311900004,96983,4.562861516490934
1994,Female,Bachelor's+,155304887.61180001,4249223.0885,86246,2.736052389491665
1994,Male,Less than HS,90930277.98869999,8522490.188699998,44611,9.372554859844481
1994,Male,HS diploma,234332474.25459993,13021796.245699996,123969,5.556974673323315
1994,Male,Some college,182796124.8621001,7880773.296599999,95430,4.311236522407239
1994,Male,Bachelor's+,205107214.1606,4958379.7867,108826,2.417457526782828
1995,Female,Less than HS,56836290.35910003,5331980.362900001,28951,9.381295523004345
1995,Female,HS diploma,209477854.4940001,9994949.3221,113127,4.771363228940402
1995,Female,Some college,182611431.9413001,7602060.0356,97365,4.162970496854578
1995,Female,Bachelor's+,162467390.79689986,4368906.388500001,89106,2.6890974041440487
1995,Male,Less than HS,88418143.15470004,7818805.081200001,42589,8.842987199493543
1995,Male,HS diploma,232849950.15019992,11241588.232199999,120865,4.8278250542671834
1995,Male,Some college,187113378.63200015,7151986.123799999,94532,3.8222740544202147
1995,Male,Bachelor's+,211879127.5145002,4876025.1761,111163,2.3013239828289853
1996,Female,Less than HS,57161355.84010002,5823689.9149,25734,10.18815916681694
1996,Female,HS diploma,210551280.09589964,9796251.007500002,99816,4.652667513129396
1996,Female,Some college,184328273.13319975,7045162.437999999,87454,3.8220736939845392
1996,Female,Bachelor's+,170535869.45909986,4191853.3014,80672,2.4580478668186254
1996,Male,Less than HS,92197174.74270004,7247445.015899999,39101,7.860810308044537
1996,Male,HS diploma,235387617.56450018,11173654.327499997,107110,4.746916784795712
1996,Male,Some college,188526860.4142001,6982919.900699998,84855,3.703938995938446
1996,Male,Bachelor's+,215823741.50559992,4593876.973,98222,2.1285318014379824
1997,Female,Less than HS,57845432.33640001,5610938.5583999995,25546,9.699881791477669
1997,Female,HS diploma,214253639.62540025,9251793.137299998,100643,4.318149812285932
1997,Female,Some college,185230421.20720008,6286096.5175,87123,3.3936631340206946
1997,Female,Bachelor's+,177572956.78180018,3871777.5076999995,83292,2.180386911311951
1997,Male,Less than HS,93472297.45010006,6787644.2105,38836,7.261664039148674
1997,Male,HS diploma,240057435.19880024,10305863.2944,108239,4.29308231418258
1997,Male,Some college,190711803.56719995,6007118.9279,85924,3.149841182107697
1997,Male,Bachelor's+,220327291.46009997,4192664.5824,99563,1.9029256678169022
1998,Female,Less than HS,58650076.48519998,5001915.9734000005,25620,8.528404860072444
1998,Female,HS diploma,211193924.49650007,8685781.408300001,99154,4.112704202551027
1998,Female,Some college,187556889.20869994,5936903.8363999985,87977,3.1653883050885083
1998,Female,Bachelor's+,185334202.06959993,3708481.3746000007,86165,2.0009697795592674
1998,Male,Less than HS,93017309.52649996,5715622.964899999,38332,6.144687471606196
1998,Male,HS diploma,240179199.2132001,9372366.3039,107917,3.9022389676553226
1998,Male,Some college,190756934.8746,5379226.8730999995,85940,2.8199377792666893
1998,Male,Bachelor's+,228050338.72079983,3719117.4291,102522,1.630831793524887
1999,Female,Less than HS,57385950.41330001,4763745.052300001,24739,8.301239271966358
1999,Female,HS diploma,211063111.45960012,7861607.353100001,98333,3.7247661605731617
1999,Female,Some college,191182881.0251,5726046.279399999,89265,2.995062240247462
1999,Female,Bachelor's+,192217165.0693999,3545896.9735999997,88737,1.8447348197647988
1999,Male,Less than HS,88494486.7918,5150319.8402,36994,5.819933000252434
1999,Male,HS diploma,237760849.37769988,7976364.6754,106921,3.3547847327584965
1999,Male,Some college,194818600.9143,5248149.247,87648,2.6938645603499856
1999,Male,Bachelor's+,235115879.04049978,4218673.4673999995,105278,1.7942954276913443
2000,Female,Less than HS,58704268.38980004,4577639.0163,24550,7.797795870487967
2000,Female,HS diploma,212597077.97229993,7437152.3725,95937,3.498238284097684
2000,Female,Some college,198230023.14169997,5601761.8589,90139,2.8258897265505114
2000,Female,Bachelor's+,198490217.80259997,3634242.8066000002,88942,1.8309430292500775
2000,Male,Less than HS,91525689.32020006,5003255.4431,37104,5.466503973104482
2000,Male,HS diploma,241141291.95299965,8269527.0125,106107,3.42932848436086
2000,Male,Some college,200630542.67829996,5170340.3367,88222,2.577045482546671
2000,Male,Bachelor's+,241722743.6791,3761207.9543999988,105096,1.5560008533550345
2001,Female,Less than HS,58748002.244600005,5057414.817899999,26576,8.608658379298108
2001,Female,HS diploma,209965734.54480022,8578855.270499999,104778,4.085835857502518
2001,Female,Some college,202125282.62679976,6743735.1466000015,101631,3.3364134654304998
2001,Female,Bachelor's+,202009781.53540012,4755161.085700001,100006,2.353926156227592
2001,Male,Less than HS,91684460.08249997,6004586.678900001,39999,6.5491869325477
2001,Male,HS diploma,241105705.13500014,10468602.166199999,116665,4.34191391710885
2001,Male,Some college,201885820.5588001,6781702.027899999,97698,3.3591769888191827
2001,Male,Bachelor's+,245991921.73500013,5464485.7735,117114,2.2214086279576004
2002,Female,Less than HS,57413490.071299985,5488350.494,26774,9.559339603260824
2002,Female,HS diploma,210763044.4488001,10886513.3114,110567,5.1652856599557335
2002,Female,Some college,202189432.6834001,9116112.730600001,107307,4.508698901625852
2002,Female,Bachelor's+,210827901.87019992,5912491.635900002,110047,2.804416105957425
2002,Male,Less than HS,94180965.9990001,7403255.5074,41693,7.860670602463982
2002,Male,HS diploma,243249939.10409996,13113290.7419,123826,5.390871130408837
2002,Male,Some college,201875134.60069984,9305099.7757,102164,4.609334276905909
2002,Male,Bachelor's+,252237614.7893996,7644844.857500003,125762,3.0308107947670306
2003,Female,Less than HS,56506630.3981,5610514.6258000005,25635,9.928949198125695
2003,Female,HS diploma,210677154.9442004,11062342.986299997,108726,5.250850757515665
2003,Female,Some college,205013348.2127003,9328151.921,105632,4.550021743619391
2003,Female,Bachelor's+,219808833.74780014,6379921.0101000015,111642,2.9024861746093733
2003,Male,Less than HS,95444572.63100001,7828233.0622,40844,8.201862972832277
2003,Male,HS diploma,244681825.10529998,13995741.444600001,121327,5.719975906905577
2003,Male,Some college,203735125.98160025,10397992.8387,100521,5.10368194419212
2003,Male,Bachelor's+,258151856.2161994,8374302.7403,125194,3.243944422110454
2004,Female,Less than HS,55317261.94689999,5549096.495700001,24957,10.0314012306442
2004,Female,HS diploma,207539681.32690004,10171412.509899998,104360,4.900948312568138
2004,Female,Some college,209044945.8847001,8828284.9967,104916,4.223151609496117
2004,Female,Bachelor's+,223564142.30940002,6032728.2109,111288,2.698432829425324
2004,Male,Less than HS,94596790.72520001,7297211.4804,39531,7.714015903137892
2004,Male,HS diploma,247244954.3323998,12710569.7085,118898,5.140881334796309
2004,Male,Some college,204791845.53550005,8848646.5643,99066,4.3208002453233005
2004,Male,Bachelor's+,261751707.26279992,7188223.6943999985,123648,2.7461993541776555
2005,Female,Less than HS,56384743.6357,5481384.1097,24845,9.721395817838678
2005,Female,HS diploma,205785266.58210012,10009836.124799998,101293,4.864214183577848
2005,Female,Some college,211734196.8916998,8645103.3564,105188,4.082998156798401
2005,Female,Bachelor's+,231420370.88239962,5588351.466,113339,2.4148053365793887
2005,Male,Less than HS,96333993.76510005,6279668.130399998,39730,6.518641950745119
2005,Male,HS diploma,253652199.16870016,11864438.6141,118910,4.677443622796719
2005,Male,Some college,208637033.1388,7773065.978500001,99162,3.7256405833420816
2005,Male,Bachelor's+,263276212.3451002,6032244.179200001,122819,2.2912226385621906
2006,Female,Less than HS,55977520.25190003,4483886.290899999,24651,8.010155274335869
2006,Female,HS diploma,205524923.02419993,8963068.170500001,98667,4.361061441411962
2006,Female,Some college,214888663.46919987,8424731.4599,104795,3.9205099626428277
2006,Female,Bachelor's+,239559440.12990013,5143976.1592,114815,2.147265061402172
2006,Male,Less than HS,97464295.26040003,6077329.354399998,39935,6.235441746295816
2006,Male,HS diploma,255631829.84779954,11169823.8647,117874,4.369496502587489
2006,Male,Some college,210617118.07150012,7007757.969800002,97927,3.3272499566825404
2006,Male,Bachelor's+,271116141.4615999,5366273.217800001,124288,1.9793263465871747
2007,Female,Less than HS,53478480.83970002,4407196.286799999,22715,8.241064850010277
2007,Female,HS diploma,206515775.81629992,8834739.987700004,96790,4.27799762646641
2007,Female,Some college,217018397.37709993,8050069.710799998,103697,3.709395059632604
2007,Female,Bachelor's+,250013543.35819966,5300072.2709,117489,2.1199140653378428
2007,Male,Less than HS,95851183.00069998,6378271.494399999,37877,6.654348224740659
2007,Male,HS diploma,256926490.0775998,11570614.001400007,115763,4.503472568323072
2007,Male,Some college,214498451.03839946,7423831.872999998,97965,3.4610188731250955
2007,Male,Bachelor's+,279911619.5485994,5509004.7279,125440,1.9681229156489173
2008,Female,Less than HS,52774653.758200005,4976416.9592,22111,9.429558708240272
2008,Female,HS diploma,203505610.25739974,10869460.215100003,94351,5.341110842768412
2008,Female,Some college,222591278.01050016,10159361.589300001,104670,4.564132826813079
2008,Female,Bachelor's+,258546261.66369915,6942958.9026999995,119922,2.6853835975129927
2008,Male,Less than HS,93664488.89740002,8318510.710699998,36401,8.881178778236954
2008,Male,HS diploma,256726405.96790004,15493111.587199997,114612,6.0348726219994635
2008,Male,Some college,218820077.69379988,10235812.524300002,98830,4.677730047524806
2008,Male,Bachelor's+,283632789.2199,7117564.308000001,126294,2.509429296794654
2009,Female,Less than HS,53277904.8134,7602808.266900001,22626,14.270096193774886
2009,Female,HS diploma,200953221.0144999,16235731.747400004,93872,8.079358800737264
2009,Female,Some college,222871537.88060018,16035481.234299999,105277,7.194943502786232
2009,Female,Bachelor's+,263357106.79240015,11870413.143999998,123223,4.507344908431592
2009,Male,Less than HS,92529317.7156,13865133.3871,35868,14.984584053365829
2009,Male,HS diploma,257379651.19289955,28398636.6465,115446,11.033753645588686
2009,Male,Some college,218923273.21499968,19303022.64949999,99409,8.817254724006855
2009,Male,Bachelor's+,283976373.2080002,13538815.896799996,128154,4.767585325446568
2010,Female,Less than HS,51883281.21049998,7618438.867699998,22275,14.683803124923028
2010,Female,HS diploma,199978091.83120006,18057770.6114,92770,9.029874445768
2010,Female,Some college,223946167.16090018,17526726.934400003,104755,7.826312527067031
2010,Female,Bachelor's+,267654017.84419978,12537724.649299998,125125,4.684302798920863
2010,Male,Less than HS,90820196.53840002,13725031.241100006,35387,15.1123117590886
2010,Male,HS diploma,259463976.20670035,29571318.910599984,115265,11.397080759697515
2010,Male,Some college,218629271.8925002,19825967.973099995,98471,9.068304441341416
2010,Male,Bachelor's+,285033963.43370014,13586674.182899993,127387,4.766686053558771
2011,Female,Less than HS,50488287.89249999,7516577.207500001,21237,14.887764115717985
2011,Female,HS diploma,194637959.37159982,17085693.4081,89216,8.778191809687161
2011,Female,Some college,223842812.25589985,17911698.8518,102375,8.001909318099134
2011,Female,Bachelor's+,272523651.1357005,11859902.771600004,126318,4.351880184408097
2011,Male,Less than HS,88925479.90370005,12216570.7863,34367,13.737986907160552
2011,Male,HS diploma,254709562.88690034,25591010.428700004,111366,10.047133738776537
2011,Male,Some college,219326548.98239985,17578628.3221,96582,8.014820095268366
2011,Male,Bachelor's+,290790884.47159946,12599452.798600005,127876,4.332822475331255
2012,Female,Less than HS,50553376.04599999,7087231.976,20377,14.01930500062176
2012,Female,HS diploma,190200171.66570014,15611367.501399998,84557,8.20786194075517
2012,Female,Some college,226817447.69329983,16689835.0092,101506,7.358267707768151
2012,Female,Bachelor's+,283248382.0420004,12169936.883199997,128552,4.296560070516281
2012,Male,Less than HS,85813404.47189999,9978539.7589,32650,11.628183056374976
2012,Male,HS diploma,252132463.89790022,21419004.000000007,109098,8.495139288637391
2012,Male,Some college,222761950.11399978,15584388.680999998,97336,6.995983233682679
2012,Male,Bachelor's+,296606317.25150025,11366351.790500002,129942,3.832134087981064
2013,Female,Less than HS,47769678.0373,6080528.148199998,18894,12.728844735884842
2013,Female,HS diploma,188047576.23790008,13306317.366500001,82436,7.076037688284853
2013,Female,Some college,225699272.4857002,14549012.646599995,99961,6.446193860692125
2013,Female,Bachelor's+,290492620.3952993,11018168.5806,129903,3.792925467644098
2013,Male,Less than HS,84504741.67680003,8512962.276,31315,10.073946274587753
2013,Male,HS diploma,249236118.93269986,19854769.222099997,106764,7.966248755246143
2013,Male,Some college,223069068.27339995,14152971.872599998,95832,6.344659070012209
2013,Male,Bachelor's+,303391845.8668997,10973233.654500004,130953,3.616851871264214
2014,Female,Less than HS,46543436.41859996,5102187.408100001,18433,10.962206061048459
2014,Female,HS diploma,184942012.97889996,10763872.4963,80872,5.820133739718758
2014,Female,Some college,224835320.7703999,12809081.858900003,99414,5.697095018260293
2014,Female,Bachelor's+,299272254.7626,9885702.696300004,131636,3.3032473070856208
2014,Male,Less than HS,83727161.5605,6777833.9121,31034,8.095143542161571
2014,Male,HS diploma,248778809.42399967,15608364.398100002,105982,6.2739927223858905
2014,Male,Some college,224267382.5851999,11767246.3632,95628,5.2469718188865855
2014,Male,Bachelor's+,307540359.88340026,9505021.6807,130738,3.0906583071905422
2015,Female,Less than HS,46766087.16299998,4435752.5906,18226,9.484976955928532
2015,Female,HS diploma,179777437.91430023,9787702.1936,77044,5.444344021781972
2015,Female,Some college,225636290.48009986,10608742.5917,96328,4.701700497347808
2015,Female,Bachelor's+,309773266.5590996,8337482.5613,130867,2.69147904656561
2015,Male,Less than HS,85047893.44319998,6162091.344300001,31089,7.245436770771296
2015,Male,HS diploma,245420327.5075996,13617232.863699995,101451,5.548535038638285
2015,Male,Some college,225720433.50639966,10032691.123399997,93609,4.44474209425774
2015,Male,Bachelor's+,317594874.2597,7970726.461599999,128673,2.5097150828329395
2016,Female,Less than HS,46856408.035300024,4193985.2595999995,17858,8.950718664649655
2016,Female,HS diploma,179583147.51220012,9473879.373900002,75855,5.275483532360066
2016,Female,Some college,228377085.6256996,9639583.431399997,96017,4.2209065786919044
2016,Female,Bachelor's+,319011776.9898998,8340939.705100001,132570,2.6146181134134374
2016,Male,Less than HS,81690039.7272,5436288.498300001,29742,6.654775192244033
2016,Male,HS diploma,249821387.99849987,13017059.859699998,101465,5.210546608514625
2016,Male,Some college,228414482.96019977,9190720.9995,92856,4.023703261014952
2016,Male,Bachelor's+,327549638.13369995,8008721.953500001,130427,2.445040696467197
2017,Female,Less than HS,45973300.734100014,3293403.8918,17104,7.163731642520865
2017,Female,HS diploma,180036982.38369995,8848559.441299997,74027,4.914856561215681
2017,Female,Some college,225537326.2490003,8879848.7195,93094,3.937196945261454
2017,Female,Bachelor's+,331096904.0515998,8037956.165200001,134463,2.427674818713293
2017,Male,Less than HS,78455797.01049994,4856034.37,27827,6.189516332808529
2017,Male,HS diploma,252020753.05319992,11331002.516499996,99833,4.496059304333598
2017,Male,Some college,228656385.5247003,8251654.8061,90781,3.6087576505527443
2017,Male,Bachelor's+,334256937.10370004,7400679.768,130125,2.214069162520929
2018,Female,Less than HS,45256196.152100004,2933174.4412000002,16200,6.4812659714970176
2018,Female,HS diploma,179579478.40029976,7467312.0125,70198,4.1582212394306275
2018,Female,Some college,223912616.00849992,8032206.802199999,88600,3.5872060026734225
2018,Female,Bachelor's+,344721893.86430013,7570062.014400001,133178,2.1959910725542593
2018,Male,Less than HS,78674577.30459999,4055421.1861,26376,5.154678073958823
2018,Male,HS diploma,254643297.03369975,10303819.757099995,96322,4.046373840241464
2018,Male,Some college,229546828.30070004,7158592.388999999,87601,3.1185760404506393
2018,Male,Bachelor's+,345035563.87700033,7351584.037699999,128531,2.1306742861790102
2019,Female,Less than HS,43611037.57010001,2773479.2441,14925,6.359580965350648
2019,Female,HS diploma,179773818.06970015,6837622.712999999,67806,3.803458582800406
2019,Female,Some college,221325126.68950003,7356133.613300001,84402,3.3236775793739946
2019,Female,Bachelor's+,358195750.15860033,7629259.086099999,132085,2.1299133456279002
2019,Male,Less than HS,76496098.83099999,3716381.1181999994,24610,4.858262283950537
2019,Male,HS diploma,256286533.19029993,9299247.876100002,93356,3.6284574770048685
2019,Male,Some college,230081560.2078002,6492091.426500001,84453,2.8216478628868003
2019,Male,Bachelor's+,351678290.2559,7391565.8049,124858,2.1017975831040063
2020,Female,Less than HS,38544957.32599999,5188869.917400001,11541,13.461864475589696
2020,Female,HS diploma,169681059.02840012,16317471.772999993,57315,9.61655465049218
2020,Female,Some college,214655448.6229999,17680456.9442,73140,8.236668138460463
2020,Female,Bachelor's+,369186736.19780016,18808814.5715,120963,5.094661516068863
2020,Male,Less than HS,68905523.4353,7309274.2475999985,19551,10.607675383909049
2020,Male,HS diploma,248887820.1320998,21381509.5884,81196,8.590821992434801
2020,Male,Some college,224312593.4995003,16412718.9027,73772,7.316895875815622
2020,Male,Bachelor's+,359749180.6775003,16248538.650599996,114477,4.516629786341643
2021,Female,Less than HS,38063998.62559999,3654856.5817000004,11518,9.601872408754035
2021,Female,HS diploma,169278385.67619994,10870901.446099998,56829,6.421907559358546
2021,Female,Some college,210767057.57650012,11043411.6117,71345,5.2396288768664325
2021,Female,Bachelor's+,370978915.4289001,11715606.959400002,121691,3.158025017636172
2021,Male,Less than HS,70277680.61220005,5390577.991400001,20296,7.67039826078752
2021,Male,HS diploma,251850117.57310015,15703249.462599998,81981,6.235156693163778
2021,Male,Some college,218832859.34020004,11339710.4377,72155,5.18190479797696
2021,Male,Bachelor's+,360616169.02460027,10937705.2616,114685,3.033060134598086
2022,Female,Less than HS,37640731.353099994,2275373.4433,10936,6.044976708755171
2022,Female,HS diploma,174318578.01869982,7514084.853599999,55076,4.310547354736874
2022,Female,Some college,209139277.7506999,6881920.349,66560,3.2905920030973093
2022,Female,Bachelor's+,380316329.00600004,7827085.401899997,118279,2.0580461066073537
2022,Male,Less than HS,70630129.66810001,3654278.2289,19346,5.173823474587856
2022,Male,HS diploma,258725630.63029987,9811912.8892,78709,3.7924008013031036
2022,Male,Some college,220286487.57810003,6740300.2935999995,67932,3.059788354567279
2022,Male,Bachelor's+,373660475.2024996,7409881.369999999,111614,1.9830519580601416
2023,Female,Less than HS,39343871.97909999,2539052.4945,11261,6.4534891122276425
2023,Female,HS diploma,175322521.02299982,6732101.4496,54282,3.8398383791873743
2023,Female,Some college,208602200.39899987,6301073.287099999,65037,3.0206168846962025
2023,Female,Bachelor's+,388929820.00879997,8003757.3956,117231,2.057892448416248
2023,Male,Less than HS,71323902.0434,3648757.3426,19038,5.115756763251345
2023,Male,HS diploma,257762766.3001998,10404980.808600001,76544,4.036650039859514
2023,Male,Some college,222650580.69009984,6998982.9469,66069,3.143482907256217
2023,Male,Bachelor's+,382777600.8040993,8172599.153300002,110364,2.135077689011023
2024,Female,Less than HS,38553143.25749999,2839003.2358,10927,7.36386970275818
2024,Female,HS diploma,176774048.11149997,7669977.319699998,53639,4.3388593527383454
2024,Female,Some college,209794483.97370008,7224464.019099999,64307,3.443591024064132
2024,Female,Bachelor's+,400659626.90759957,9473615.408300001,119184,2.3645046248906962
2024,Male,Less than HS,71669013.97020002,4034567.8475,19163,5.629445173024948
2024,Male,HS diploma,260191625.08239985,11007522.411700005,76770,4.230544472065172
2024,Male,Some college,222190352.72820026,7556340.889299999,65221,3.400841124071429
2024,Male,Bachelor's+,382927233.26689994,8898176.413900003,110031,2.323725146938813
2025,Female,Less than HS,35352865.19449999,2448510.422,9235,6.925917909422871
2025,Female,HS diploma,161267461.45190004,7003331.733000001,46232,4.342681201743123
2025,Female,Some college,194323206.96869972,7103228.0649000015,56133,3.6553678666100557
2025,Female,Bachelor's+,378326106.4942999,10139243.082399998,106021,2.6800273384128097
2025,Male,Less than HS,64262577.926500015,3603551.7186999996,15788,5.607543044447334
2025,Male,HS diploma,242926483.22279996,10301636.3456,67030,4.240639476162777
2025,Male,Some college,206994142.46420017,6740174.448599999,57368,3.2562150640401426
2025,Male,Bachelor's+,361693904.3940996,9555255.2274,97509,2.6418070947053196
